category,url
肛肠外科,https://www.familydoctor.com.cn/ask/v/46/
骨外科,https://www.familydoctor.com.cn/ask/v/48/
眼科,https://www.familydoctor.com.cn/ask/v/58/
口腔科,https://www.familydoctor.com.cn/ask/v/60/
牛皮癣,https://www.familydoctor.com.cn/ask/did/939
大内科,https://www.familydoctor.com.cn/ask/v/1/
呼吸科,https://www.familydoctor.com.cn/ask/v/30/
神经内科,https://www.familydoctor.com.cn/ask/v/32/
心血管内科,https://www.familydoctor.com.cn/ask/v/31/
肾内科,https://www.familydoctor.com.cn/ask/v/36/
消化内科,https://www.familydoctor.com.cn/ask/v/33/
风湿免疫,https://www.familydoctor.com.cn/ask/v/35/
内分泌科,https://www.familydoctor.com.cn/ask/v/34/
血液病科,https://www.familydoctor.com.cn/ask/v/38/
呼吸睡眠,https://www.familydoctor.com.cn/ask/v/37/
普内科,https://www.familydoctor.com.cn/ask/v/39/
大外科,https://www.familydoctor.com.cn/ask/v/2/
神经外科,https://www.familydoctor.com.cn/ask/v/40/
心血管外科,https://www.familydoctor.com.cn/ask/v/47/
乳腺外科,https://www.familydoctor.com.cn/ask/v/42/
泌尿外科,https://www.familydoctor.com.cn/ask/v/43/
整形烧伤,https://www.familydoctor.com.cn/ask/v/51/
胃肠外科,https://www.familydoctor.com.cn/ask/v/50/
心胸外科,https://www.familydoctor.com.cn/ask/v/41/
肝胆外科,https://www.familydoctor.com.cn/ask/v/44/
外伤科,https://www.familydoctor.com.cn/ask/v/49/
普外科,https://www.familydoctor.com.cn/ask/v/53/
妇产科,https://www.familydoctor.com.cn/ask/v/3/
妇科,https://www.familydoctor.com.cn/ask/v/54/
产科,https://www.familydoctor.com.cn/ask/v/55/
儿科,https://www.familydoctor.com.cn/ask/v/6/
小儿科,https://www.familydoctor.com.cn/ask/v/56/
新生儿科,https://www.familydoctor.com.cn/ask/v/57/
男科,https://www.familydoctor.com.cn/ask/v/4/
老年科,https://www.familydoctor.com.cn/ask/v/12/
生殖健康,https://www.familydoctor.com.cn/ask/v/5/
五官科,https://www.familydoctor.com.cn/ask/v/7/
耳鼻咽喉,https://www.familydoctor.com.cn/ask/v/59/
头颈外科,https://www.familydoctor.com.cn/ask/v/61/
整形美容,https://www.familydoctor.com.cn/ask/v/29/
皮肤性病,https://www.familydoctor.com.cn/ask/v/9/
皮肤病科,https://www.familydoctor.com.cn/ask/v/62/
性病科,https://www.familydoctor.com.cn/ask/v/63/
精神心理科,https://www.familydoctor.com.cn/ask/v/10/
精神病科,https://www.familydoctor.com.cn/ask/v/64/
心理咨询,https://www.familydoctor.com.cn/ask/v/65/
中医科,https://www.familydoctor.com.cn/ask/v/15/
急诊科,https://www.familydoctor.com.cn/ask/v/14/
营养科,https://www.familydoctor.com.cn/ask/v/18/
感染科,https://www.familydoctor.com.cn/ask/v/11/
肝病科,https://www.familydoctor.com.cn/ask/v/13/
肿瘤科,https://www.familydoctor.com.cn/ask/v/8/